Guid,Name,Type,BillingStreet,BillingCity,BillingState,BillingPostalCode,BillingCountry,BillingLatitude,BillingLongitude,BillingGeocodeAccuracy,ShippingStreet,ShippingCity,ShippingState,ShippingPostalCode,ShippingCountry,ShippingLatitude,ShippingLongitude,ShippingGeocodeAccuracy,Phone,Fax,AccountNumber,Website,Industry,AnnualRevenue,NumberOfEmployees,Ownership,Description,CurrencyIsoCode,Jigsaw,JigsawCompanyId,AccountSource,SicDesc,SBQQ__AssetQuantitiesCombined__c,SBQQ__CoTermedContractsCombined__c,SBQQ__ContractCoTermination__c,SBQQ__IgnoreParentContractedPrices__c,SBQQ__PreserveBundle__c,SBQQ__PriceHoldEnd__c,SBQQ__RenewalModel__c,SBQQ__RenewalPricingMethod__c,SBQQ__TaxExempt__c,SBQQ__CoTerminationEvent__c,Alpha__c
9220476a-bf29-4b5c-821d-c9f28e640f9d,ACME 2,#N/A,#N/A,#N/A,#N/A,#N/A,#N/A,#N/A,#N/A,#N/A,#N/A,#N/A,#N/A,#N/A,#N/A,#N/A,#N/A,#N/A,#N/A,#N/A,#N/A,#N/A,#N/A,#N/A,#N/A,#N/A,#N/A,USD,#N/A,#N/A,#N/A,#N/A,false,false,Never,false,true,#N/A,Contract Based,Same,No,#N/A,#N/A
25a9fd66-ad11-4ce0-b405-0b22a2ff0d17,salesforce.com,Customer,"The Landmark @ One Market, Suite 300",San Francisco,CA,94105,USA,#N/A,#N/A,#N/A,"The Landmark @ One Market, Suite 300",San Francisco,CA,94105,USA,#N/A,#N/A,#N/A,(415) 901-7000,(415) 901-7040,#N/A,http://www.salesforce.com,Technology,#N/A,#N/A,#N/A,"Founded in March 1999, salesforce.com (http://www.salesforce.com) builds and delivers customer relationship management (CRM) applications as scalable online services. The salesforce.com product suite - Team Edition, Professional Edition, Enterprise Edition, Wireless Edition and Offline Edition - gives companies of all sizes a complete 360-degree view of the customer. The company's award-winning CRM solutions provide integrated online sales force automation, customer service and support management, and marketing automation applications to help companies meet the complex challenges of global customer communication. Salesforce.com has received considerable recognition in the industry, including Editors' Choice and two Five-Star ratings from PC Magazine, two Deploy Awards from InfoWorld, Red Herring 100, Upside Hot 100, Investor's Choice Award from Enterprise Outlook, Editors' Choice from TMCLabs, Top 10 CRM Implementation from Aberdeen Group, and InfoWorld's 2001 CRM Technology of the Year. Founded in 1999, salesforce.com is headquartered in San Francisco, with offices in Europe and Asia.",USD,#N/A,#N/A,#N/A,#N/A,false,false,#N/A,false,true,#N/A,Contract Based,#N/A,#N/A,#N/A,#N/A
21cfe0a7-5706-4c56-985d-67c97b0fd44f,Mark,#N/A,#N/A,#N/A,#N/A,#N/A,#N/A,#N/A,#N/A,#N/A,#N/A,#N/A,#N/A,#N/A,#N/A,#N/A,#N/A,#N/A,#N/A,#N/A,#N/A,#N/A,#N/A,#N/A,#N/A,#N/A,#N/A,USD,#N/A,#N/A,#N/A,#N/A,false,false,Never,false,true,#N/A,Contract Based,Same,No,#N/A,#N/A
8e17f25c-f32f-44e3-8134-a6b98fce1dde,test,#N/A,#N/A,#N/A,#N/A,#N/A,#N/A,#N/A,#N/A,#N/A,#N/A,#N/A,#N/A,#N/A,#N/A,#N/A,#N/A,#N/A,#N/A,#N/A,#N/A,#N/A,#N/A,#N/A,#N/A,#N/A,#N/A,USD,#N/A,#N/A,#N/A,#N/A,false,false,Never,false,true,#N/A,#N/A,Same,No,#N/A,#N/A
49f25b8a-10fb-4b9e-8be8-47be08624a30,test,#N/A,#N/A,#N/A,#N/A,#N/A,#N/A,#N/A,#N/A,#N/A,#N/A,#N/A,#N/A,#N/A,#N/A,#N/A,#N/A,#N/A,#N/A,#N/A,#N/A,#N/A,#N/A,#N/A,#N/A,#N/A,#N/A,USD,#N/A,#N/A,#N/A,#N/A,false,false,Never,false,true,#N/A,Contract Based,Same,No,#N/A,#N/A
6ab3858b-0a44-494a-a1a1-d6674c515842,ACME2,#N/A,#N/A,#N/A,#N/A,#N/A,#N/A,#N/A,#N/A,#N/A,#N/A,#N/A,#N/A,#N/A,#N/A,#N/A,#N/A,#N/A,#N/A,#N/A,#N/A,#N/A,#N/A,#N/A,#N/A,#N/A,#N/A,USD,#N/A,#N/A,#N/A,#N/A,false,false,Never,false,true,#N/A,Contract Based,Same,No,#N/A,#N/A
3d57e343-fbad-410f-926d-d232e88d4d44,ACME,#N/A,#N/A,#N/A,#N/A,#N/A,#N/A,#N/A,#N/A,#N/A,#N/A,#N/A,#N/A,#N/A,#N/A,#N/A,#N/A,#N/A,#N/A,#N/A,#N/A,#N/A,#N/A,#N/A,#N/A,#N/A,#N/A,USD,#N/A,#N/A,#N/A,#N/A,false,false,Never,false,true,#N/A,Contract Based,Same,No,#N/A,#N/A
f7028919-7509-4a8c-bf33-4be537f491c7,ACME 2,#N/A,#N/A,#N/A,#N/A,#N/A,#N/A,#N/A,#N/A,#N/A,#N/A,#N/A,#N/A,#N/A,#N/A,#N/A,#N/A,#N/A,#N/A,#N/A,#N/A,#N/A,#N/A,#N/A,#N/A,#N/A,#N/A,USD,#N/A,#N/A,#N/A,#N/A,false,false,Never,false,true,#N/A,Contract Based,Same,No,#N/A,#N/A
ad3554bf-264f-4292-b4e1-7607654674e4,test,#N/A,#N/A,#N/A,#N/A,#N/A,#N/A,#N/A,#N/A,#N/A,#N/A,#N/A,#N/A,#N/A,#N/A,#N/A,#N/A,#N/A,#N/A,#N/A,#N/A,#N/A,#N/A,#N/A,#N/A,#N/A,#N/A,USD,#N/A,#N/A,#N/A,#N/A,false,false,Never,false,true,#N/A,Contract Based,Same,No,#N/A,#N/A
d817ce23-be75-45b9-82ef-8eabf8cb59b7,Sample Account for Entitlements,#N/A,#N/A,#N/A,#N/A,#N/A,#N/A,#N/A,#N/A,#N/A,#N/A,#N/A,#N/A,#N/A,#N/A,#N/A,#N/A,#N/A,#N/A,#N/A,#N/A,#N/A,#N/A,#N/A,#N/A,#N/A,#N/A,USD,#N/A,#N/A,#N/A,#N/A,false,false,#N/A,false,true,#N/A,Contract Based,#N/A,#N/A,#N/A,#N/A
a24eff80-2958-4cfc-aaad-bbc515232bce,Sample Account for Entitlements,#N/A,#N/A,#N/A,#N/A,#N/A,#N/A,#N/A,#N/A,#N/A,#N/A,#N/A,#N/A,#N/A,#N/A,#N/A,#N/A,#N/A,#N/A,#N/A,#N/A,#N/A,#N/A,#N/A,#N/A,#N/A,#N/A,USD,#N/A,#N/A,#N/A,#N/A,false,false,#N/A,false,true,#N/A,Contract Based,#N/A,#N/A,#N/A,#N/A
702b5b10-b990-42df-9f6a-97bddc6c0a4d,Newone,#N/A,#N/A,#N/A,#N/A,#N/A,#N/A,#N/A,#N/A,#N/A,#N/A,#N/A,#N/A,#N/A,#N/A,#N/A,#N/A,#N/A,#N/A,#N/A,#N/A,#N/A,#N/A,#N/A,#N/A,#N/A,#N/A,USD,#N/A,#N/A,#N/A,#N/A,false,false,Never,false,true,#N/A,Contract Based,Same,No,#N/A,#N/A
d419f52a-2eee-481d-bf0f-17c35dc66a83,Acme,Prospect,10 Main Rd.,New York,NY,31349,USA,#N/A,#N/A,#N/A,10 Main Rd.,New York,NY,31349,USA,#N/A,#N/A,#N/A,(212) 555-5555,(212) 555-5555,#N/A,#N/A,Manufacturing,1.0E8,680,#N/A,#N/A,USD,#N/A,#N/A,#N/A,#N/A,false,false,#N/A,false,true,#N/A,Contract Based,#N/A,#N/A,#N/A,#N/A
67ccec04-7b7a-4af8-8d27-8a64b5e144f8,test,#N/A,#N/A,#N/A,#N/A,#N/A,#N/A,#N/A,#N/A,#N/A,#N/A,#N/A,#N/A,#N/A,#N/A,#N/A,#N/A,#N/A,#N/A,#N/A,#N/A,#N/A,#N/A,#N/A,#N/A,#N/A,#N/A,USD,#N/A,#N/A,#N/A,#N/A,false,false,Never,false,true,#N/A,Contract Based,Same,No,#N/A,#N/A
cfbad4dc-02bc-4485-89db-f3759e04ccfc,qqqqqq,#N/A,#N/A,#N/A,#N/A,#N/A,#N/A,#N/A,#N/A,#N/A,#N/A,#N/A,#N/A,#N/A,#N/A,#N/A,#N/A,#N/A,#N/A,#N/A,#N/A,#N/A,#N/A,#N/A,#N/A,#N/A,#N/A,USD,#N/A,#N/A,#N/A,#N/A,false,false,Never,false,true,#N/A,Contract Based,Same,No,#N/A,#N/A
2020e54f-58d0-4da7-b618-0e56a5ac3d0d,Mark,#N/A,#N/A,#N/A,#N/A,#N/A,#N/A,#N/A,#N/A,#N/A,#N/A,#N/A,#N/A,#N/A,#N/A,#N/A,#N/A,#N/A,#N/A,#N/A,#N/A,#N/A,#N/A,#N/A,#N/A,#N/A,#N/A,USD,#N/A,#N/A,#N/A,#N/A,false,false,Never,false,true,#N/A,Contract Based,Same,No,#N/A,#N/A
c786d545-b185-4abe-a78b-765f323e9dec,Mark,#N/A,#N/A,#N/A,#N/A,#N/A,#N/A,#N/A,#N/A,#N/A,#N/A,#N/A,#N/A,#N/A,#N/A,#N/A,#N/A,#N/A,#N/A,#N/A,#N/A,#N/A,#N/A,#N/A,#N/A,#N/A,#N/A,USD,#N/A,#N/A,#N/A,#N/A,false,false,Never,false,true,#N/A,Contract Based,Same,No,#N/A,#N/A
38df90da-0651-4558-aca2-33f25717dfa2,Rackspace,#N/A,#N/A,#N/A,#N/A,#N/A,#N/A,#N/A,#N/A,#N/A,#N/A,#N/A,#N/A,#N/A,#N/A,#N/A,#N/A,#N/A,#N/A,#N/A,#N/A,#N/A,#N/A,#N/A,#N/A,#N/A,#N/A,USD,#N/A,#N/A,#N/A,#N/A,false,false,Never,false,false,#N/A,#N/A,Same,No,#N/A,#N/A
ff0204b7-67ac-46ec-887d-c20edfac8142,Global Media,Prospect,150 Chestnut Street,Toronto,Ontario,L4B 1Y3,Canada,#N/A,#N/A,#N/A,150 Chestnut Street,Toronto,Ontario,L4B 1Y3,Canada,#N/A,#N/A,#N/A,(905) 555-1212,#N/A,#N/A,#N/A,Media,#N/A,14668,#N/A,"GBM is the worldwide leader in technology news and information on the Web and the producer of the longest-running and farthest-reaching television shows about technology. GBM's network of sites combines breakthrough interactive technology with engaging content and design and is consistently ranked as the Internet's leading content network in terms of both audience size and revenue, serving millions of users each day. The company's television programming is broadcast by the USA Network and the Sci-Fi Channel to more than 70 million households and is syndicated to broadcast television stations in the nation's top 120 markets, including the top 10 markets.",USD,#N/A,#N/A,#N/A,#N/A,false,false,#N/A,false,true,#N/A,Contract Based,#N/A,#N/A,#N/A,#N/A
f74217ab-ba8f-4a7b-88b7-828a8eb16eec,ACME 2,#N/A,#N/A,#N/A,#N/A,#N/A,#N/A,#N/A,#N/A,#N/A,#N/A,#N/A,#N/A,#N/A,#N/A,#N/A,#N/A,#N/A,#N/A,#N/A,#N/A,#N/A,#N/A,#N/A,#N/A,#N/A,#N/A,USD,#N/A,#N/A,#N/A,#N/A,false,false,Never,false,true,#N/A,Contract Based,Same,No,#N/A,#N/A
5ffcf789-8b95-4abe-9ee6-20ccc2c53e5b,New,#N/A,#N/A,#N/A,#N/A,#N/A,#N/A,#N/A,#N/A,#N/A,#N/A,#N/A,#N/A,#N/A,#N/A,#N/A,#N/A,#N/A,#N/A,#N/A,#N/A,#N/A,#N/A,#N/A,#N/A,#N/A,#N/A,USD,#N/A,#N/A,#N/A,#N/A,false,false,Never,false,true,#N/A,Contract Based,Same,No,#N/A,#N/A
ef5f30b7-b496-4e5e-b7be-1a45cc10878e,Mark,#N/A,#N/A,#N/A,#N/A,#N/A,#N/A,#N/A,#N/A,#N/A,#N/A,#N/A,#N/A,#N/A,#N/A,#N/A,#N/A,#N/A,#N/A,#N/A,#N/A,#N/A,#N/A,#N/A,#N/A,#N/A,#N/A,USD,#N/A,#N/A,#N/A,#N/A,false,false,Never,false,true,#N/A,Contract Based,Same,No,#N/A,#N/A
6efcf4a7-0d18-4c06-adba-13c4d7934684,Sample Account for Entitlements,#N/A,#N/A,#N/A,#N/A,#N/A,#N/A,#N/A,#N/A,#N/A,#N/A,#N/A,#N/A,#N/A,#N/A,#N/A,#N/A,#N/A,#N/A,#N/A,#N/A,#N/A,#N/A,#N/A,#N/A,#N/A,#N/A,USD,#N/A,#N/A,#N/A,#N/A,false,false,#N/A,false,true,#N/A,Contract Based,#N/A,#N/A,#N/A,#N/A
628badcb-3215-4765-82dd-e3201bebf7af,ACME,#N/A,#N/A,#N/A,#N/A,#N/A,#N/A,#N/A,#N/A,#N/A,#N/A,#N/A,#N/A,#N/A,#N/A,#N/A,#N/A,#N/A,#N/A,#N/A,#N/A,#N/A,#N/A,#N/A,#N/A,#N/A,#N/A,USD,#N/A,#N/A,#N/A,#N/A,false,false,Never,false,true,#N/A,Contract Based,Same,No,#N/A,#N/A
750e667e-95cf-4891-9663-6eb16afe419f,Newone,#N/A,#N/A,#N/A,#N/A,#N/A,#N/A,#N/A,#N/A,#N/A,#N/A,#N/A,#N/A,#N/A,#N/A,#N/A,#N/A,#N/A,#N/A,#N/A,#N/A,#N/A,#N/A,#N/A,#N/A,#N/A,#N/A,USD,#N/A,#N/A,#N/A,#N/A,false,false,Never,false,true,#N/A,Contract Based,Same,No,#N/A,#N/A
d48df345-4f6d-4d6b-85fb-58e9b0464719,ACME,#N/A,#N/A,#N/A,#N/A,#N/A,#N/A,#N/A,#N/A,#N/A,#N/A,#N/A,#N/A,#N/A,#N/A,#N/A,#N/A,#N/A,#N/A,#N/A,#N/A,#N/A,#N/A,#N/A,#N/A,#N/A,#N/A,USD,#N/A,#N/A,#N/A,#N/A,false,false,Never,false,true,#N/A,Contract Based,Same,No,#N/A,#N/A
d7bc1460-a65e-4a64-984c-970dfac46a35,qqqqqq,#N/A,#N/A,#N/A,#N/A,#N/A,#N/A,#N/A,#N/A,#N/A,#N/A,#N/A,#N/A,#N/A,#N/A,#N/A,#N/A,#N/A,#N/A,#N/A,#N/A,#N/A,#N/A,#N/A,#N/A,#N/A,#N/A,USD,#N/A,#N/A,#N/A,#N/A,false,false,Never,false,true,#N/A,Contract Based,Same,No,#N/A,#N/A
1a7997eb-c776-464d-9347-8f121fd4bb87,Sample Account for Entitlements,#N/A,#N/A,#N/A,#N/A,#N/A,#N/A,#N/A,#N/A,#N/A,#N/A,#N/A,#N/A,#N/A,#N/A,#N/A,#N/A,#N/A,#N/A,#N/A,#N/A,#N/A,#N/A,#N/A,#N/A,#N/A,#N/A,USD,#N/A,#N/A,#N/A,#N/A,false,false,#N/A,false,false,#N/A,#N/A,#N/A,#N/A,#N/A,#N/A
483e9cc3-ea4f-4c8b-96fe-b2970518b3c4,salesforce.com,Customer,"The Landmark @ One Market, Suite 300",San Francisco,CA,94105,USA,#N/A,#N/A,#N/A,"The Landmark @ One Market, Suite 300",San Francisco,CA,94105,USA,#N/A,#N/A,#N/A,(415) 901-7000,(415) 901-7040,#N/A,http://www.salesforce.com,Technology,#N/A,#N/A,#N/A,"Founded in March 1999, salesforce.com (http://www.salesforce.com) builds and delivers customer relationship management (CRM) applications as scalable online services. The salesforce.com product suite - Team Edition, Professional Edition, Enterprise Edition, Wireless Edition and Offline Edition - gives companies of all sizes a complete 360-degree view of the customer. The company's award-winning CRM solutions provide integrated online sales force automation, customer service and support management, and marketing automation applications to help companies meet the complex challenges of global customer communication. Salesforce.com has received considerable recognition in the industry, including Editors' Choice and two Five-Star ratings from PC Magazine, two Deploy Awards from InfoWorld, Red Herring 100, Upside Hot 100, Investor's Choice Award from Enterprise Outlook, Editors' Choice from TMCLabs, Top 10 CRM Implementation from Aberdeen Group, and InfoWorld's 2001 CRM Technology of the Year. Founded in 1999, salesforce.com is headquartered in San Francisco, with offices in Europe and Asia.",USD,#N/A,#N/A,#N/A,#N/A,false,false,#N/A,false,false,#N/A,#N/A,#N/A,#N/A,#N/A,#N/A
b04070c5-c1d5-48e2-bc5e-71427563c606,ACME 2,#N/A,#N/A,#N/A,#N/A,#N/A,#N/A,#N/A,#N/A,#N/A,#N/A,#N/A,#N/A,#N/A,#N/A,#N/A,#N/A,#N/A,#N/A,#N/A,#N/A,#N/A,#N/A,#N/A,#N/A,#N/A,#N/A,USD,#N/A,#N/A,#N/A,#N/A,false,false,Never,false,true,#N/A,Contract Based,Same,No,#N/A,#N/A
9babf9a6-65c4-41f3-b7ad-093e4a37bd72,qqqqqq,#N/A,#N/A,#N/A,#N/A,#N/A,#N/A,#N/A,#N/A,#N/A,#N/A,#N/A,#N/A,#N/A,#N/A,#N/A,#N/A,#N/A,#N/A,#N/A,#N/A,#N/A,#N/A,#N/A,#N/A,#N/A,#N/A,USD,#N/A,#N/A,#N/A,#N/A,false,false,Never,false,true,#N/A,#N/A,Same,No,#N/A,#N/A
18b61e25-9d13-4772-b3f5-384804513e1a,Acme,Prospect,10 Main Rd.,New York,NY,31349,USA,#N/A,#N/A,#N/A,10 Main Rd.,New York,NY,31349,USA,#N/A,#N/A,#N/A,(212) 555-5555,(212) 555-5555,#N/A,#N/A,Manufacturing,1.0E8,680,#N/A,#N/A,USD,#N/A,#N/A,#N/A,#N/A,false,false,#N/A,false,false,#N/A,#N/A,#N/A,#N/A,#N/A,#N/A
3214415c-0c69-4c31-a368-fd21a34d3265,qqqqqq,#N/A,#N/A,#N/A,#N/A,#N/A,#N/A,#N/A,#N/A,#N/A,#N/A,#N/A,#N/A,#N/A,#N/A,#N/A,#N/A,#N/A,#N/A,#N/A,#N/A,#N/A,#N/A,#N/A,#N/A,#N/A,#N/A,USD,#N/A,#N/A,#N/A,#N/A,false,false,Never,false,true,#N/A,Contract Based,Same,No,#N/A,#N/A
4d343da3-85e3-42ff-93b3-df21102914a5,Global Media,Prospect,150 Chestnut Street,Toronto,Ontario,L4B 1Y3,Canada,#N/A,#N/A,#N/A,150 Chestnut Street,Toronto,Ontario,L4B 1Y3,Canada,#N/A,#N/A,#N/A,(905) 555-1212,#N/A,#N/A,#N/A,Media,#N/A,14668,#N/A,"GBM is the worldwide leader in technology news and information on the Web and the producer of the longest-running and farthest-reaching television shows about technology. GBM's network of sites combines breakthrough interactive technology with engaging content and design and is consistently ranked as the Internet's leading content network in terms of both audience size and revenue, serving millions of users each day. The company's television programming is broadcast by the USA Network and the Sci-Fi Channel to more than 70 million households and is syndicated to broadcast television stations in the nation's top 120 markets, including the top 10 markets.",USD,#N/A,#N/A,#N/A,#N/A,false,false,#N/A,false,false,#N/A,#N/A,#N/A,#N/A,#N/A,#N/A
87f124c2-650b-423b-b9e4-a776e07d426c,Newone,#N/A,#N/A,#N/A,#N/A,#N/A,#N/A,#N/A,#N/A,#N/A,#N/A,#N/A,#N/A,#N/A,#N/A,#N/A,#N/A,#N/A,#N/A,#N/A,#N/A,#N/A,#N/A,#N/A,#N/A,#N/A,#N/A,USD,#N/A,#N/A,#N/A,#N/A,false,false,Never,false,true,#N/A,Contract Based,Same,No,#N/A,#N/A
